{
  "_id": "cf20b2f6-0bda-4a85-95b8-51fb3a888550",
  "name": "O1 mini",
  "description": "A smaller, more cost-efficient version of O1, suitable for lightweight applications and lower-latency needs.",
  "provider": "OpenAI",
  "providerModelId": "o1-mini",
  "type": "Chat",
  "isFineTunable": false,
  "isJSONResponseSupported": false,
  "disableTemperatureSupport": true,
  "price": {
    "input": {
      "basePrice": 1.1
    },
    "output": {
      "basePrice": 4.4
    }
  },
  "outgoingRequestIdentifierQuery": "body::jsonb ->> 'model' = 'o1-mini'",
  "status": "Active",
  "creator": "OpenAI",
  "isFineTuned": false,
  "onDemandProvisioning": false
}