{
  "_id": "b9240c30-79d2-448e-be5e-2c8d0132b6aa",
  "description": "",
  "inferenceEngine": {
    "modelId": "cf20b2f6-0bda-4a85-95b8-51fb3a888550"
  },
  "integrationId": "bhimax-3076",
  "integrations": {},
  "intentClassification": {
    "modelId": "e71807ea-2e74-4c64-bb69-4a9047f63bbd"
  },
  "name": "BhimaX",
  "publisherAccountId": "12794584-665a-485e-b498-add9024c8240",
  "status": "Active",
  "useAsChatbot": true,
  "variables": {
    "secrets": []
  },
  "miniAgentIds": [
    "4b42ddd2-98a1-4a40-8063-96e99e94d8d4"
  ],
  "miniAgents": [
    {
      "_id": "4b42ddd2-98a1-4a40-8063-96e99e94d8d4",
      "integrationId": "riskassement-2237",
      "name": "RiskASSEMENT",
      "scope": "ASSIS THE RISKS ",
      "intents": [
        {
          "_id": "e26d2b75-41b9-487c-95e9-773a210c3775",
          "name": "RISK EVALUATION",
          "description": "Evaluates risk",
          "examples": [
            ""
          ],
          "workflowId": "ea76656f-d484-4f78-9366-1343f117cc5d",
          "flowType": "Workflow"
        }
      ],
      "miniAgentId": "4b42ddd2-98a1-4a40-8063-96e99e94d8d4"
    }
  ],
  "rags": [],
  "intentWorkflows": [
    {
      "_id": "ea76656f-d484-4f78-9366-1343f117cc5d",
      "integrationId": "risk-evaluation-9517",
      "name": "Workflow for RISK EVALUATION"
    }
  ]
}