{
  "_id": "ea539e6d-5de6-415c-b182-551f052cc638",
  "aiPersonaId": "b9240c30-79d2-448e-be5e-2c8d0132b6aa",
  "integrationId": "ma-riskassement-2237-primary-workflow-for-risk-assement",
  "isMiniAgentPrimaryWorkflow": true,
  "name": "Primary Workflow for RiskASSEMENT",
  "publisherAccountId": "12794584-665a-485e-b498-add9024c8240",
  "startTaskId": "65fc46c1-6160-4427-9bdb-24ba6e0a282b",
  "status": "Active",
  "tasks": [
    {
      "_id": "65fc46c1-6160-4427-9bdb-24ba6e0a282b",
      "type": "PassThrough",
      "config": {
        "name": "Pass Through",
        "description": "Pass through the input to the output"
      },
      "transitions": [
        {
          "_id": "a80b62e5-582a-471e-8d2e-ee60e6cd3379-65fc46c1-6160-4427-9bdb-24ba6e0a282b",
          "nextTask": "a80b62e5-582a-471e-8d2e-ee60e6cd3379",
          "name": "If query doesnt exists",
          "rules": [
            {
              "type": "any",
              "operator": "notExists",
              "path": "$output.query"
            }
          ]
        },
        {
          "_id": "09cc60aa-362c-4fd7-81df-2b9096491e91-65fc46c1-6160-4427-9bdb-24ba6e0a282b",
          "nextTask": "09cc60aa-362c-4fd7-81df-2b9096491e91",
          "name": "If intents are already classified",
          "rules": [
            {
              "type": "any",
              "operator": "exists",
              "path": "$output.intents"
            },
            {
              "type": "any",
              "operator": "exists",
              "path": "$output.query"
            }
          ]
        },
        {
          "_id": "65fc46c1-6160-4427-9bdb-24ba6e0a282b-088c6913-cca3-4342-8ce7-26ea71fa3306",
          "name": "If query exists",
          "nextTask": "088c6913-cca3-4342-8ce7-26ea71fa3306",
          "rules": [
            {
              "type": "any",
              "operator": "exists",
              "path": "$output.query"
            },
            {
              "type": "any",
              "operator": "notExists",
              "path": "$output.intents"
            }
          ]
        }
      ],
      "globalVariables": [
        {
          "name": "query",
          "referencePath": "$input.query"
        },
        {
          "name": "rawQuery",
          "referencePath": "$input.rawQuery"
        },
        {
          "name": "conversationId",
          "referencePath": "$input.conversationId"
        }
      ]
    },
    {
      "_id": "a80b62e5-582a-471e-8d2e-ee60e6cd3379",
      "type": "Input",
      "config": {
        "name": "User Input",
        "description": "Get user input",
        "type": "string"
      },
      "transitions": [
        {
          "_id": "a80b62e5-582a-471e-8d2e-ee60e6cd3379-088c6913-cca3-4342-8ce7-26ea71fa3306",
          "name": "Default",
          "nextTask": "088c6913-cca3-4342-8ce7-26ea71fa3306"
        }
      ],
      "globalVariables": [
        {
          "name": "query",
          "referencePath": "$output.userInput"
        },
        {
          "name": "rawQuery",
          "referencePath": "$output.userInput"
        },
        {
          "name": "selfLoopMiniAgent",
          "referencePath": "true"
        }
      ]
    },
    {
      "_id": "088c6913-cca3-4342-8ce7-26ea71fa3306",
      "type": "Loader",
      "config": {
        "name": "Loader",
        "description": "Display loader message",
        "type": "loader",
        "text": "Just a moment... identifying the best approach to assist you."
      },
      "transitions": [
        {
          "_id": "088c6913-cca3-4342-8ce7-26ea71fa3306-999f74ba-d0f8-412b-aad8-5c07bf2412d0",
          "name": "Default",
          "nextTask": "999f74ba-d0f8-412b-aad8-5c07bf2412d0"
        }
      ]
    },
    {
      "_id": "999f74ba-d0f8-412b-aad8-5c07bf2412d0",
      "type": "IntentClassification",
      "config": {
        "name": "Intent Classification",
        "description": "Classify the intent of the user message",
        "modelId": "cf20b2f6-0bda-4a85-95b8-51fb3a888550",
        "intents": [
          {
            "name": "RISK EVALUATION",
            "description": "Evaluates risk",
            "examples": [
              ""
            ]
          }
        ],
        "query": "$agent.query"
      },
      "transitions": [
        {
          "_id": "999f74ba-d0f8-412b-aad8-5c07bf2412d0-09cc60aa-362c-4fd7-81df-2b9096491e91",
          "name": "If Intent is Matched",
          "rules": [
            {
              "type": "string",
              "operator": "equal",
              "path": "$output.intentMatched",
              "value": "true"
            }
          ],
          "nextTask": "09cc60aa-362c-4fd7-81df-2b9096491e91"
        },
        {
          "_id": "999f74ba-d0f8-412b-aad8-5c07bf2412d0-11853ab1-b5f4-4ba5-ab0d-ec3850ab7db1",
          "name": "If No Intent is Matched",
          "rules": [
            {
              "type": "string",
              "operator": "equal",
              "path": "$output.intentMatched",
              "value": "false"
            }
          ],
          "nextTask": "11853ab1-b5f4-4ba5-ab0d-ec3850ab7db1"
        }
      ]
    },
    {
      "_id": "09cc60aa-362c-4fd7-81df-2b9096491e91",
      "type": "JSFunction",
      "config": {
        "name": "JS Function",
        "description": "Execute JS function",
        "code": "\nconst main = () => {\n    const currentExecutionId = _id;\n    const intents = agent?.icIntents?.[currentExecutionId] || input.intents;\n    const currentIndex = agent?.icLoopIndexes?.[currentExecutionId] || 0;\n    const currentIntent = intents[currentIndex] || {};\n    const { intent, task } = currentIntent;\n    const state = currentIndex === intents.length ? 'end' : 'continue'\n    const icLoopIndexes = { ...(agent?.icLoopIndexes || {}), [_id]: state === 'end' ? undefined : currentIndex + 1 };\n    const icIntents = { ...(agent?.icIntents || {}), [_id]: state === 'end' ? undefined : intents };\n    return { ...input, intent, state: currentIndex === intents.length ? 'end' : 'continue', icLoopIndexes, icIntents, query: task };\n};\n\nmain()\n"
      },
      "globalVariables": [
        {
          "referencePath": "$output.icLoopIndexes",
          "name": "icLoopIndexes"
        },
        {
          "referencePath": "$output.icIntents",
          "name": "icIntents"
        }
      ],
      "transitions": [
        {
          "_id": "09cc60aa-362c-4fd7-81df-2b9096491e91-0c99beaf-f056-4a19-a231-263b3c2960a0",
          "name": "If Intent is Matched",
          "rules": [
            {
              "type": "string",
              "operator": "equal",
              "path": "$output.intent",
              "value": "RISK EVALUATION"
            }
          ],
          "nextTask": "0c99beaf-f056-4a19-a231-263b3c2960a0"
        },
        {
          "_id": "09cc60aa-362c-4fd7-81df-2b9096491e91-a80b62e5-582a-471e-8d2e-ee60e6cd3379",
          "name": "If Self Loop",
          "rules": [
            {
              "type": "string",
              "operator": "equal",
              "path": "$agent.selfLoopMiniAgent",
              "value": "true"
            },
            {
              "type": "string",
              "operator": "equal",
              "path": "$output.state",
              "value": "end"
            }
          ],
          "nextTask": "a80b62e5-582a-471e-8d2e-ee60e6cd3379"
        }
      ]
    },
    {
      "_id": "0c99beaf-f056-4a19-a231-263b3c2960a0",
      "type": "Workflow",
      "config": {
        "name": "Intent - RISK EVALUATION",
        "description": "Workflow for intent - RISK EVALUATION",
        "workflowId": "ea76656f-d484-4f78-9366-1343f117cc5d"
      },
      "transitions": [
        {
          "_id": "0c99beaf-f056-4a19-a231-263b3c2960a0-09cc60aa-362c-4fd7-81df-2b9096491e91",
          "name": "Mini agent execution completed",
          "nextTask": "09cc60aa-362c-4fd7-81df-2b9096491e91"
        }
      ]
    },
    {
      "_id": "11853ab1-b5f4-4ba5-ab0d-ec3850ab7db1",
      "transitions": [
        {
          "_id": "11853ab1-b5f4-4ba5-ab0d-ec3850ab7db1-a80b62e5-582a-471e-8d2e-ee60e6cd3379",
          "name": "If Self Loop",
          "rules": [
            {
              "type": "string",
              "operator": "equal",
              "path": "$agent.selfLoopMiniAgent",
              "value": "true"
            }
          ],
          "nextTask": "a80b62e5-582a-471e-8d2e-ee60e6cd3379"
        }
      ],
      "type": "Output",
      "config": {
        "name": "Output",
        "description": "Output the response to the user",
        "type": "external",
        "text": "Unable to complete task $agent.query"
      }
    },
    {
      "_id": "4f4c53dd-54ed-4db9-965f-b0483b5fb28a",
      "transitions": [
        {
          "_id": "4f4c53dd-54ed-4db9-965f-b0483b5fb28a-a80b62e5-582a-471e-8d2e-ee60e6cd3379",
          "name": "If Self Loop",
          "rules": [
            {
              "type": "string",
              "operator": "equal",
              "path": "$agent.selfLoopMiniAgent",
              "value": "true"
            }
          ],
          "nextTask": "a80b62e5-582a-471e-8d2e-ee60e6cd3379"
        }
      ],
      "type": "Display",
      "config": {
        "name": "Display",
        "description": "Display the response to the user",
        "type": "text",
        "text": "$input.content"
      }
    }
  ],
  "type": "Conversational",
  "version": "latest"
}